"","id","hash"
"1","5bf817d6e2c9ae000169b342","1a6ddd0acca332436820d56770ca5d140dd4b319"
"2","5a0459c1b921bc0001e1b838","a50eb2cb135776cc2a1fb60b404b909928dc8f80"
"3","59ad8df15e7f4800010eefc9","63a81d91748f76992ff878d55f0d1e4e2681f1c5"
"4","5bc54ee0ee01b70001b0b3cc","79d622996b1d9a34406719b9c4796424112b4c98"
"5","5a84b912000dab00018c98a9","74f6653af1288f9cf698aed44055ec8129404c34"
"6","5a79004d17ef350001701784","07aec8ee68bcb3f8397d6ccaea294dbda7884073"
"7","5a622b2d13898300014b20d6","f80a8c1643b9405befc8b581b162d1158b13e4e9"
"8","5c2547cbc93fd700018435da","44133f56731f405ad30f57627b4b7386f94dfac7"
"9","5c76e34d3c7f160016677e7e","d6f1d62fc8d3336b3c0dbd97f5eb5d6100765b7b"
"10","5c80274ca1d1b10016c74e01","f42e897a9f577d79453995fa228620678f1c65b7"
"11","57fb71185babd2000141049a","cb44d41d700f151497b4324648ed92778f01299e"
"12","58c565298a3f870001c0e70d","8a58afc843474cc8394f0f3c0a1620131d118187"
"13","55b66e89fdf99b26b999cbba","d0b070c827c106a9ea878baadcb27c96a556059e"
"14","5bdbde7b19b9ba000157b6f4","583d499d1d91aac73227a42d8f1e5c0c9c8e72eb"
"15","5c85010127f8cb0016c93b02","3237eb15fac5fb37be060f289c01ad4de7911447"
"16","5c1a80f7b7d60a0001ddb522","7d919f6252fc24216d06494a2f7c66323e3f1ac8"
"17","562a00dac8ffc20012513fbe","88fd71bd8e4e72389ad5aea98d4e3dd437c30949"
"18","5c26722910677f0001db8250","74a2a4d585051cfdb139d7055aecae643d49195c"
"19","5c124bf00c56ed00019e4e5c","391fbe64333a8f05b3bf0925fd2d2a92aef7bdb8"
"20","5b1d7ec9d4ea6b00017a5a65","c037169e43f46273c3f96b8ffeb113bfd7125194"
"21","5bcdb99f3a99c4000153d33c","5d6c2a17b549df1ba9ed624bc0d2e5358434a12c"
"22","5b45113dcd6a5500018c5dd0","0b523302d5df638b1a67eee49d83e36573cf0dd8"
"23","5bc2e0ec4f3bfd00012e97b5","87ca3278c01130a0d6b4e265008cf3359358d1ff"
"24","5c51fea1991aaa00016159c6","02bc545f95f1cc2b51be7373bc28007859c389a7"
"25","5c0682910ac58a00011568a5","60a4c6175356a70f689167ae236eb99e34de4914"
"26","5c4867155707c80001efd958","dd966e69d8cb0df1268ee2c5625fdeae20cabf24"
"27","5af1773a5bbd0b00015ec658","afa879853c3a3c4de7244546b49bd6428d0a7805"
"28","5aeabb67ba2926000102f644","baf1033929cf2c7bf25a1b9a18d088815b116497"
"29","5bfad1015e4e9900014f3ace","7dd29ff621894da3297e14dff58d6eee6e308676"
"30","5981d55b04ebec0001aaadde","9b6b79d4699afabc772cab34c4707d678c397e06"
"31","5c51c4dd9285310001f189b1","a26bd3dddf637f2234487c5b639cb8b109cbefe6"
"32","5c3cde9bef1d0d0001b2476e","73caa67bca26b2087ee597e02617ca9cad5f1189"
"33","5c70e9a11384ee00011156c2","8350d57d4eee5a4546c5ebee8a9d202618ac5703"
"34","5b8133ba0d65aa00014d5e1f","8a706d3d791de66b869d6ecd1a71e5ac4e13e64c"
"35","5c86931597d50d0015d80974","d10fbf3ab75233a9635433e556def718d331ca48"
"36","5c1b822abdb7e80001834a09","f31d7830fa4d460bd9b028b466a9bfff8c639a89"
"37","5c2f7b979d4e37000103fd7f","14d1f8302e8c02c54a8e63d9f317c78c3463abd3"
"38","5c50cd6cd5f934000198d5d6","6eb261961992f2a739e3a85fc2274e56a37cb7bd"
"39","5c7509f0cd40bd0018cb5e07","854ce3ed908c22259d1f1241e6a97ce35ea7baca"
"40","59539359e59b950001b512b7","434bce31eca4540f8f2cd6ef8d1dd76fee05a097"
"41","5c518a71172b6c000177c11d","28dad4b0c3aaca4c607d92c5bf213b69e4d227c5"
"42","5c4f2ee36b9fbe000167bc25","226126b5134ad1680f4e97db821a1eb5d247a62a"
"43","5c6737148654fe00018d4cdd","0a885a6f456e58550680f8bed597d4fa1996f18b"
"44","5c2cdb4e213a1a0001b9c475","9f75050615df29ac6fbbaf1b45037b78c6e0c9b7"
"45","5c196bce5ead950001bda707","db01d550a7b2a7171b37f921f50e3d1815debfad"
"46","5bc623acd2bea100010c808e","cc35623934484e6a9d46702afcdc50e2ae5ffabc"
"47","5c0be8d6eea8950001029838","2f8a099e9acb97476c827036c23625f88398eac8"
"48","5beaf97b6e4d9c000143eec3","155c772dd853ae55ccf5d2967f3b6d53042e89ab"
"49","5c3a01aabc64440001342b41","5d7eac890f73335b5af12d4091fbe802d9e6d45a"
"50","5a64a97663394a0001556331","b1aaae12d35593a9c370e9ef0e1123465ff6e258"
"51","5c0a8b80b4d28b0001991af1","811617e09e9b25e4120dd1e37d51469ee4258fe7"
"52","5b9ec956c8a17f000171f7ad","1b6b7c26bc9be691846e46e4029cf651adb6a39b"
"53","5b73fa6105171200015e7faf","145b8460b3fdc0249e8639af538a9f5327a688f3"
"54","5b1f717b88ee7400012b4fb1","1444769161113d9a6d68a9526be59a55997d5d1b"
"55","5c49c9c5d9326c0001f3effe","3894c62c58e7c21f23af89fd6bb03b1ac2ee1acd"
"56","5c575b1b53fba80001bd3288","08eec23cd6455f138e1689eb50218d1fffcab606"
"57","5c5924c553fba80001bd7ad9","d8c6b03fc2ac46a83f5e32a24496c1e3473992ce"
"58","5a73899f9cdd1800017786f0","338f8c4c31d46e2c4b4a67f48d3f9fcc0f08b52c"
"59","5c62fbd932207f00016bd19e","e38b7e86389917cb019ea98846294bb99aa76c78"
"60","5c77e07939f0e10015bcb33e","8591007dc0f41005c5651bb39cfba896eced37aa"
"61","5c4b45ee88975200015655ad","b8634607a015ce02a1000dabe090e83a8ec8ef72"
"62","5b1e7a55c813a60001480313","092df23f0149dbe31e9a63cdfab08e4842aad7bc"
"63","57533f7c483c14000662f391","46f9fa9708ecc2677ae0e62394fa53a929efba34"
"64","5c5739edb45c6600010b73e9","3db3b1cf3f9100602d4e738ce74987e7514f8dcb"
"65","5c377d7c10ecc800013b82d6","39a000ebe90737170c85b2349f27b88bbd695aa7"
"66","5c824055d6a29e00172ee0fb","23680f3ad10a12b6414eb1412d61b60cd4c1cb03"
"67","5b59aff31ba83d000161089f","fb8d40629531b3a40af224c2a95d75ee1d707b40"
"68","5c67326b50b03c00012bb908","c997c1c33a7ae6e0759fe83b28b7afb59b7fc6d2"
"69","5835e18fa708570001a8b0f4","8a2c99df98c90ca7230d0be6b82d2b69ddc238e4"
"70","5bee2c3fc998f000011f809f","ef75c48cdce67a936ec388be0b138fc9eae0f6df"
"71","5825ecee95f3030001cf889a","7b5c5a5762fd17f39854ae1a8a5df05c3ee94f60"
"72","5c00629a8acfed00011af979","9734ef06b7df22bba23b5ef3705662595a821090"
"73","5c7d6ca9b3af1b0015983dcc","9f2a4bf327875397f527a53d1e74dff325962607"
"74","5b7462a6960d2300015f99bc","0da68b967fe911c6e4caacb227001de2f7d1f65c"
"75","5b1d557444127b00013fec9e","d4797e411046970fb29541c6476e5f6a1dd97294"
"76","5bfda58206c0910001be3d14","a46046c09c2b4b85010fde614f93d4e9dc7861fa"
"77","5a69257731b87a0001c76293","4cda28be7f3e5d93ce04bb541002cba60e962309"
"78","5bfe00d76fe16d0001675bb1","281e0aee570b4c89afc6a06caa1414bc8ad83211"
"79","5c11f3face422b0001d69416","ade520ebb1c3a6e1531783e8a5ec1f41713e722d"
"80","5c2f6f539024a9000198f705","dba354e7cff4909b1c86e933e7fb6cb8b3eab87b"
"81","5c5f1e73ad90be00010286fe","d9cb5c8a5a829dbdf6cc61bc59a1af6eb9f870fa"
"82","5bfb235518430e0001867abd","49a064e494d45676b26a2bf82fa304c516f8dfcb"
"83","5c51b115551b4a000153d6ae","ab953c2112caee053ff1dd98b6da567eff7cd3b0"
"84","5b06e585b10e580001a3a757","6f8a9c192d113e8e6d47495e5a4c2d07122e8292"
"85","5a3adffa05f005000104d2aa","4ee88ebbb0165622e57b086dd6dffaf05a46d486"
"86","5bfc61f08b798e0001af7901","105d79590ad3550a3bce24fac2d3857f6229e6e4"
"87","5bc8dc6f55f2fc0001391eaa","2e658755e9c81752dc27d97b57d937d8ab099a00"
"88","5beb0d9d7569230001f88b7c","99259acde22bfcf7995b491163ade5e03cb69bf3"
"89","5c32116524d16c00015b106c","2e5b9e2a4f477f4535a486b5762924c29497cc64"
"90","5c0809c17e252a00016f04fd","d700be55cd884bc56d84df5397df280c68138aae"
"91","5b054e94b2cdec0001823731","6fc3c849cf5c4578d0b593283ce4d3adc840f013"
"92","58fc6017ee99a700012ce5d8","18adaea170bf7d0af13f72a6db2cde5627170bbf"
"93","5c0bc3fc11d18f000198dc22","1ecd321151249c71f0ef6bf577b29ab9e2184b94"
"94","5c5897a540adc10001deb9f4","93f01e028eb659943dcb2e41e888d9af0fcd67d8"
"95","5c5759161b3bb1000152cde9","22baa8856bcbaa9f896fb5eddbefd2357a58dbd1"
"96","5bdca5daee217b000124773b","78dc8ff81ade782c7b48bc9a3a88630bbea44683"
"97","5c014519c03b1a0001e24cf8","0ec5a46fb81bac12b4b62975ef7e2e315aaba74d"
"98","5b16d6a944127b00013f7460","ea3b36150aa1f4a2fe43b56e0a548da3d7aecfef"
"99","5b45b9e00a4da000018a022a","47a18f624618b77e3555ce39e38d86f5d60b46db"
"100","5c38aea64353c20001241622","27889b9d3ed07a362d96ed57a3b8a9cfbbd9bf6a"
"101","5c6356b32c4f7600018e1955","c779e9dd8b2a70c3824a35f563fef2bc45be711e"
"102","5a9ac3b989de8200013f0810","33b997b030c46b091df520a4bd618450a5fb46bd"
"103","5588d7a1fdf99b304ee56840","53024a5cd74fb3b8767af7a81c565d67d39868f5"
"104","55a2159bfdf99b3cec08f1a9","a06b26ff5eab1ecda08219abc3d0d4b2e2888084"
"105","5c3f00de1580e9000122ecb5","fe978790088db1863aa47b8d098e464e2001b82f"
"106","5c37a9becae26e0001321e7c","a0e19e325cf1db3b5dff8a52c68d34ab33e29e91"
"107","5c43cfbf89f63e000179ebbb","3dafd573b46ca66f58a5cec9606e088a12b9ce1b"
"108","5c58b3790490200001896022","e83c68afde5410317dec0c7e387a2c9979d565e4"
"109","5b222aff59f9620001c109cb","f09522e80a723573536296523d61b35af7b64b6a"
"110","5c64ab0d8d92a20001848c45","b6941c6f6af2b862f5b7c98e3bb054830b8abc21"
"111","5c12a25e7bdbc70001e58e72","a9fb523d4770eb8d9e785e34de5e0bd4b8f4ed7f"
"112","5c72c2c2bd8e0000017307b3","93aeb664c6c4e23ae53eff6f9b113f31289cf658"
"113","598b4594474b9200017e0a77","ad55a8d3c18a7a3acbc4c4540cc17bdd09fcb1b3"
"114","5a993b151eda410001365a23","ba1ec1c1fe7b12b75a64ba11219d2d8125945323"
"115","59d9feb850f88f000161ebf5","8be8b3f6a5d4976df0a0fdbd01b7635790e14b04"
"116","5c70ec511917dc000153cf3b","63e893be3cd95d1240c69a76784909535759aa74"
